port_no,tx_kbps,rx_kbps
1,1.7375999999999998,4990.8096
2,0.528,0.528
3,4991.3376,1.7375999999999998
